<?xml version="1.0" encoding="UTF-8"?>
<mdb:MD_Metadata xmlns:xsi="http://www.w3.org/2001/XMLSchema-instance"
 xmlns:mdb="http://schemas.isotc211.org/19115/-3/mdb/2.0"
 xmlns:gco="http://schemas.isotc211.org/19115/-3/gco/1.0" xmlns:mcc="http://schemas.isotc211.org/19115/-3/mcc/1.0" xmlns:mri="http://schemas.isotc211.org/19115/-3/mri/1.0"
 xmlns:lan="http://schemas.isotc211.org/19115/-3/lan/1.0" xmlns:xlink="http://www.w3.org/1999/xlink" xmlns:cit="http://schemas.isotc211.org/19115/-3/cit/2.0"
 xmlns:mex="http://schemas.isotc211.org/19115/-3/mex/1.0"
 xsi:schemaLocation="http://schemas.isotc211.org/19115/-3/mdb/2.0 md2.xsd
 http://schemas.isotc211.org/19115/-3/mrc/2.0 ../../mrc/2.0/mrc.xsd
 http://schemas.isotc211.org/19115/-3/cit/2.0 ../../cit/2.0/cit.xsd">
   <!-- 
   This is a sample metadata record for the md2 conformance class which adds the Extended Schema elements to the metadata.
   This sample record demonstrates those elements in a minimal metadata record.
   -->
   <mdb:contact>
      <cit:CI_Responsibility>
         <cit:role>
            <cit:CI_RoleCode codeList="codeListLocation#CI_RoleCode" codeListValue="pointOfContact">pointOfContact</cit:CI_RoleCode>
         </cit:role>
         <cit:party>
            <cit:CI_Organisation>
               <cit:name>
                  <gco:CharacterString>Organisation Name</gco:CharacterString>
               </cit:name>
               <cit:partyIdentifier>
                  <mcc:MD_Identifier>
                     <mcc:code>
                        <gco:CharacterString>mcc:code/gco:CharacterString</gco:CharacterString>
                     </mcc:code>
                  </mcc:MD_Identifier>
               </cit:partyIdentifier>
            </cit:CI_Organisation>
         </cit:party>
      </cit:CI_Responsibility>
   </mdb:contact>
   <mdb:dateInfo>
      <cit:CI_Date>
         <cit:date>
            <gco:DateTime>2014-04-03T16:00:00</gco:DateTime>
         </cit:date>
         <cit:dateType>
            <cit:CI_DateTypeCode codeList="codeListLocation#CI_DateTypeCode" codeListValue="creation">creation</cit:CI_DateTypeCode>
         </cit:dateType>
      </cit:CI_Date>
   </mdb:dateInfo>
   <mdb:metadataExtensionInfo>
      <mex:MD_MetadataExtensionInformation>        
         <!-- Valid for rule.mex.datatypedetails -->
         <mex:extendedElementInformation>
            <mex:MD_ExtendedElementInformation>
               <mex:name>
                  <gco:CharacterString>sss</gco:CharacterString>
               </mex:name>
               <mex:definition></mex:definition>
               <mex:dataType>
                  <mex:MD_DatatypeCode 
                     codeList="" 
                     codeListValue="datatypeClass"/>
               </mex:dataType>
               <mex:maximumOccurrence>
                  <gco:CharacterString>3</gco:CharacterString>
               </mex:maximumOccurrence>
               <mex:domainValue>
                  <gco:CharacterString>Sin Sin Sin</gco:CharacterString>
               </mex:domainValue>
               <mex:parentEntity></mex:parentEntity>
               <mex:rule></mex:rule>
               <mex:source></mex:source>
            </mex:MD_ExtendedElementInformation>
         </mex:extendedElementInformation>        
         
         <!-- Valid for rule.mex.conditional -->
         <mex:extendedElementInformation>
            <mex:MD_ExtendedElementInformation>
               <mex:name>
                  <gco:CharacterString>conditional element</gco:CharacterString>
               </mex:name>
               <mex:definition></mex:definition>
               <mex:obligation>
                  <mex:MD_ObligationCode>conditional</mex:MD_ObligationCode>
               </mex:obligation>
               <mex:condition>
                  <gco:CharacterString>if ... then ...</gco:CharacterString>
               </mex:condition>
               <mex:dataType></mex:dataType>
               <mex:parentEntity></mex:parentEntity>
               <mex:rule></mex:rule>
               <mex:source></mex:source>
            </mex:MD_ExtendedElementInformation>
         </mex:extendedElementInformation>
         
         <!-- Valid for rule.mex.mandatorycode -->
         <mex:extendedElementInformation>
            <mex:MD_ExtendedElementInformation>
               <mex:name>
                  <gco:CharacterString>codelist</gco:CharacterString>
               </mex:name>
               <mex:definition></mex:definition>
               <mex:dataType>
                  <mex:MD_DatatypeCode 
                     codeList="" 
                     codeListValue="codelist"/>
               </mex:dataType>
               <mex:parentEntity></mex:parentEntity>
               <mex:rule></mex:rule>
               <mex:source></mex:source>
               <mex:conceptName>
                  <gco:CharacterString>concept name</gco:CharacterString>
               </mex:conceptName>
               <mex:code>
                  <gco:CharacterString>CD_3</gco:CharacterString>
               </mex:code>
            </mex:MD_ExtendedElementInformation>
         </mex:extendedElementInformation>
         <mex:extendedElementInformation>
            <mex:MD_ExtendedElementInformation>
               <mex:name>
                  <gco:CharacterString>codelist element</gco:CharacterString>
               </mex:name>
               <mex:definition></mex:definition>
               <mex:dataType>
                  <mex:MD_DatatypeCode 
                     codeList="" 
                     codeListValue="codelistElement"/>
               </mex:dataType>
               <mex:parentEntity></mex:parentEntity>
               <mex:rule></mex:rule>
               <mex:source></mex:source>
               <mex:conceptName>
                  <gco:CharacterString>concept name</gco:CharacterString>
               </mex:conceptName>
               <mex:code>
                  <gco:CharacterString>CDE_3</gco:CharacterString>
               </mex:code>
            </mex:MD_ExtendedElementInformation>
         </mex:extendedElementInformation>
         <mex:extendedElementInformation>
            <mex:MD_ExtendedElementInformation>
               <mex:name>
                  <gco:CharacterString>enumeration</gco:CharacterString>
               </mex:name>
               <mex:definition></mex:definition>
               <mex:dataType>
                  <mex:MD_DatatypeCode 
                     codeList="" 
                     codeListValue="enumeration"/>
               </mex:dataType>
               <mex:parentEntity></mex:parentEntity>
               <mex:rule></mex:rule>
               <mex:source></mex:source>
               <mex:conceptName>
                  <gco:CharacterString>concept name</gco:CharacterString>
               </mex:conceptName>
               <mex:code>
                  <gco:CharacterString>ENU_3</gco:CharacterString>
               </mex:code>
            </mex:MD_ExtendedElementInformation>
         </mex:extendedElementInformation>         
      </mex:MD_MetadataExtensionInformation>
   </mdb:metadataExtensionInfo>
   <mdb:identificationInfo>
      <mri:MD_DataIdentification>
         <mri:citation>
            <cit:CI_Citation>
               <cit:title>
                  <gco:CharacterString>Sample Metadata for Minimal Conformance Class</gco:CharacterString>
               </cit:title>
             </cit:CI_Citation>
         </mri:citation>
         <mri:abstract>
            <gco:CharacterString>This sample record has all required elements for minimal ISO 19115:2013 metadata</gco:CharacterString>
         </mri:abstract>
      </mri:MD_DataIdentification>
   </mdb:identificationInfo>
</mdb:MD_Metadata>
