<?xml version="1.0" encoding="UTF-8"?><?xml-stylesheet type='text/xsl' href='./CodelistDictionary-v32.xsl'?><Dictionary xmlns="http://www.opengis.net/gml/3.2" xmlns:gml="http://www.opengis.net/gml/3.2" xmlns:xsi="http://www.w3.org/2001/XMLSchema-instance" gml:id="MI_GeometryTypeCode" xsi:schemaLocation="http://www.opengis.net/gml/3.2 http://schemas.opengis.net/gml/3.2.1/gml.xsd">
  <description>Description: geometric description of collection&#13;
shortName: GeoTypeCode</description>
  <identifier codeSpace="http://schemas.isotc211.org/19115/-3/mac/1.0">MI_GeometryTypeCode</identifier>
  <dictionaryEntry>
    <Definition gml:id="_12416_18993">
      <description>Description: collection of a geographic area definded by a polygon (coverage)&#13;
Code: 003</description>
      <identifier codeSpace="http://schemas.isotc211.org/19115/-3/mac/1.0">areal</identifier>
    </Definition>
  </dictionaryEntry>
  <dictionaryEntry>
    <Definition gml:id="_12416_18994">
      <description>Description: series of linear collections grouped by way points&#13;
Code: 004</description>
      <identifier codeSpace="http://schemas.isotc211.org/19115/-3/mac/1.0">strip</identifier>
    </Definition>
  </dictionaryEntry>
  <dictionaryEntry>
    <Definition gml:id="_12416_18995">
      <description>
      </description>
      <identifier codeSpace="http://schemas.isotc211.org/19115/-3/mac/1.0">linear</identifier>
    </Definition>
  </dictionaryEntry>
  <dictionaryEntry>
    <Definition gml:id="_12416_18996">
      <description>
      </description>
      <identifier codeSpace="http://schemas.isotc211.org/19115/-3/mac/1.0">point</identifier>
    </Definition>
  </dictionaryEntry>
</Dictionary>
