<?xml-stylesheet type='text/xsl' href='./CodelistDictionary-v32.xsl'?><Dictionary xmlns="http://www.opengis.net/gml/3.2" xmlns:gml="http://www.opengis.net/gml/3.2" xmlns:xsi="http://www.w3.org/2001/XMLSchema-instance" gml:id="RE_Disposition" xsi:schemaLocation="http://www.opengis.net/gml/3.2 http://schemas.opengis.net/gml/3.2.1/gml.xsd">
  <description>&lt;UsedBy&gt;&#13;
&lt;NameSpace&gt;ISO 19135 Procedures for registration&lt;/NameSpace&gt;&#13;
&lt;Class&gt;RE_ProposalManagementInformation&lt;/Class&gt;&#13;
&lt;Attribute&gt;disposition[0..1]&lt;/Attribute&gt;&#13;
&lt;Type&gt;RE_Disposition&lt;/Type&gt;&#13;
&lt;UsedBy&gt;</description>
  <identifier codeSpace="http://schemas.isotc211.org/19135/-2/reg/1.0">RE_Disposition</identifier>
  <dictionaryEntry>
    <Definition gml:id="_9344_12326">
      <description>
      </description>
      <identifier codeSpace="http://schemas.isotc211.org/19135/-2/reg/1.0">withdrawn</identifier>
    </Definition>
  </dictionaryEntry>
  <dictionaryEntry>
    <Definition gml:id="_9344_12327">
      <description>
      </description>
      <identifier codeSpace="http://schemas.isotc211.org/19135/-2/reg/1.0">accepted</identifier>
    </Definition>
  </dictionaryEntry>
  <dictionaryEntry>
    <Definition gml:id="_9344_12328">
      <description>
      </description>
      <identifier codeSpace="http://schemas.isotc211.org/19135/-2/reg/1.0">notAccepted</identifier>
    </Definition>
  </dictionaryEntry>
</Dictionary>
